{
    "camera_TOP" :
    {
        "green" :
        {
            "uAtY0" :
            0.196667,
            "uAtY255" :
            -0.040000,
            "vAtY0" :
            -0.016667,
            "vAtY255" :
            0.016667,
            "u_fuzzy_range" :
            -0.156667,
            "v_fuzzy_range" :
            0.006667
        },
        "white" :
        {
            "uAtY0" :
            0.025000,
            "uAtY255" :
            0.135000,
            "vAtY0" :
            0.040000,
            "vAtY255" :
            -0.170000,
            "u_fuzzy_range" :
            -0.025000,
            "v_fuzzy_range" :
            0.005000
        },
        "black" :
        {
            "uAtY0" :
            0.275000,
            "uAtY255" :
            -0.430000,
            "vAtY0" :
            0.285000,
            "vAtY255" :
            -0.385000,
            "u_fuzzy_range" :
            0.030000,
            "v_fuzzy_range" :
            0.120000
        }
    },
    "camera_BOT" :
    {
        "green" :
        {
            "uAtY0" :
            0.100000,
            "uAtY255" :
            0.083333,
            "vAtY0" :
            -0.080000,
            "vAtY255" :
            0.153333,
            "u_fuzzy_range" :
            -0.070000,
            "v_fuzzy_range" :
            0.026667
        },
        "white" :
        {
            "uAtY0" :
            -0.050000,
            "uAtY255" :
            0.340000,
            "vAtY0" :
            -0.140000,
            "vAtY255" :
            0.395000,
            "u_fuzzy_range" :
            0.045000,
            "v_fuzzy_range" :
            0.025000
        },
        "black" :
        {
            "uAtY0" :
            0.115000,
            "uAtY255" :
            0.185000,
            "vAtY0" :
            -0.055000,
            "vAtY255" :
            0.250000,
            "u_fuzzy_range" :
            -0.100000,
            "v_fuzzy_range" :
            0.005000
        }
    }
}