{
  "camera_TOP" :
    {
      "green" :
        {
          "uAtY0" :
            255,
          "uAtY255" :
            255,
          "vAtY0" :
            121,
          "vAtY255" :
            198,
          "u_fuzzy_range" :
            103,
          "v_fuzzy_range" :
            137
        },
      "white" :
        {
          "uAtY0" :
            151,
          "uAtY255" :
            154,
          "vAtY0" :
            182,
          "vAtY255" :
            7,
          "u_fuzzy_range" :
            121,
          "v_fuzzy_range" :
            152
        },
      "black" :
        {
          "uAtY0" :
            198.125,
          "uAtY255" :
            18.35000000000001,
          "vAtY0" :
            200.675,
          "vAtY255" :
            29.825000000000003,
          "u_fuzzy_range" :
            135.65,
          "v_fuzzy_range" :
            158.6
        }
    },
  "camera_BOT" :
    {
      "green" :
        {
          "uAtY0" :
            155,
          "uAtY255" :
            151,
          "vAtY0" :
            129,
          "vAtY255" :
            200,
          "u_fuzzy_range" :
            115,
          "v_fuzzy_range" :
            130
        },
      "white" :
        {
          "uAtY0" :
            114,
          "uAtY255" :
            202,
          "vAtY0" :
            126,
          "vAtY255" :
            222,
          "u_fuzzy_range" :
            139,
          "v_fuzzy_range" :
            134
        },
      "black" :
        {
          "uAtY0" :
            157.325,
          "uAtY255" :
            175.175,
          "vAtY0" :
            113.975,
          "vAtY255" :
            191.75,
          "u_fuzzy_range" :
            102.5,
          "v_fuzzy_range" :
            129.275
        }
    }
}