{
  "camera_TOP" :
    {
      "green" :
        {
          "uAtY0" :
            138,
          "uAtY255" :
            152,
          "vAtY0" :
            71,
          "vAtY255" :
            188,
          "u_fuzzy_range" :
            107,
          "v_fuzzy_range" :
            137
        },
      "white" :
        {
          "uAtY0" :
            255,
          "uAtY255" :
            130,
          "vAtY0" :
            214,
          "vAtY255" :
            0,
          "u_fuzzy_range" :
            155,
          "v_fuzzy_range" :
            155
        },
      "black" :
        {
          "uAtY0" :
            198.125,
          "uAtY255" :
            18.35000000000001,
          "vAtY0" :
            200.675,
          "vAtY255" :
            29.825000000000003,
          "u_fuzzy_range" :
            135.65,
          "v_fuzzy_range" :
            158.6
        }
    },
  "camera_BOT" :
    {
      "green" :
        {
          "uAtY0" :
            119,
          "uAtY255" :
            140,
          "vAtY0" :
            154,
          "vAtY255" :
            117,
          "u_fuzzy_range" :
            130,
          "v_fuzzy_range" :
            136
        },
      "white" :
        {
          "uAtY0" :
            88,
          "uAtY255" :
            200,
          "vAtY0" :
            145,
          "vAtY255" :
            223,
          "u_fuzzy_range" :
            139,
          "v_fuzzy_range" :
            134
        },
      "black" :
        {
          "uAtY0" :
            157.325,
          "uAtY255" :
            175.175,
          "vAtY0" :
            113.975,
          "vAtY255" :
            191.75,
          "u_fuzzy_range" :
            102.5,
          "v_fuzzy_range" :
            129.275
        }
    }
}