{
  "camera_TOP" :
    {
      "green" :
        {
          "uAtY0" :
            255,
          "uAtY255" :
            232,
          "vAtY0" :
            60,
          "vAtY255" :
            214,
          "u_fuzzy_range" :
            100,
          "v_fuzzy_range" :
            137
        },
      "white" :
        {
          "uAtY0" :
            212,
          "uAtY255" :
            186,
          "vAtY0" :
            243,
          "vAtY255" :
            0,
          "u_fuzzy_range" :
            123,
          "v_fuzzy_range" :
            192
        },
      "black" :
        {
          "uAtY0" :
            198.125,
          "uAtY255" :
            18.35000000000001,
          "vAtY0" :
            200.675,
          "vAtY255" :
            29.825000000000003,
          "u_fuzzy_range" :
            135.65,
          "v_fuzzy_range" :
            158.6
        }
    },
  "camera_BOT" :
    {
      "green" :
        {
          "uAtY0" :
            156,
          "uAtY255" :
            104,
          "vAtY0" :
            129,
          "vAtY255" :
            141,
          "u_fuzzy_range" :
            115,
          "v_fuzzy_range" :
            130
        },
      "white" :
        {
          "uAtY0" :
            99,
          "uAtY255" :
            233,
          "vAtY0" :
            137,
          "vAtY255" :
            169,
          "u_fuzzy_range" :
            139,
          "v_fuzzy_range" :
            134
        },
      "black" :
        {
          "uAtY0" :
            157.325,
          "uAtY255" :
            175.175,
          "vAtY0" :
            113.975,
          "vAtY255" :
            191.75,
          "u_fuzzy_range" :
            102.5,
          "v_fuzzy_range" :
            129.275
        }
    }
}