{
  "camera_TOP" :
    {
      "green" :
        {
          "uAtY0" :
            241,
          "uAtY255" :
            18,
          "vAtY0" :
            137,
          "vAtY255" :
            121,
          "u_fuzzy_range" :
            103,
          "v_fuzzy_range" :
            137
        },
      "white" :
        {
          "uAtY0" :
            171,
          "uAtY255" :
            147,
          "vAtY0" :
            158,
          "vAtY255" :
            49,
          "u_fuzzy_range" :
            125,
          "v_fuzzy_range" :
            156
        },
      "black" :
        {
          "uAtY0" :
            198.125,
          "uAtY255" :
            18.35000000000001,
          "vAtY0" :
            200.675,
          "vAtY255" :
            29.825000000000003,
          "u_fuzzy_range" :
            135.65,
          "v_fuzzy_range" :
            158.6
        }
    },
  "camera_BOT" :
    {
      "green" :
        {
          "uAtY0" :
            184,
          "uAtY255" :
            165,
          "vAtY0" :
            115,
          "vAtY255" :
            208,
          "u_fuzzy_range" :
            115,
          "v_fuzzy_range" :
            130
        },
      "white" :
        {
          "uAtY0" :
            100,
          "uAtY255" :
            200,
          "vAtY0" :
            132,
          "vAtY255" :
            223,
          "u_fuzzy_range" :
            139,
          "v_fuzzy_range" :
            134
        },
      "black" :
        {
          "uAtY0" :
            157.325,
          "uAtY255" :
            175.175,
          "vAtY0" :
            113.975,
          "vAtY255" :
            191.75,
          "u_fuzzy_range" :
            102.5,
          "v_fuzzy_range" :
            129.275
        }
    }
}