{
  "camera_TOP" :
    {
      "green" :
        {
          "uAtY0" :
            182,
          "uAtY255" :
            180,
          "vAtY0" :
            127,
          "vAtY255" :
            190,
          "u_fuzzy_range" :
            71,
          "v_fuzzy_range" :
            133
        },
      "white" :
        {
          "uAtY0" :
            186,
          "uAtY255" :
            137,
          "vAtY0" :
            189,
          "vAtY255" :
            0,
          "u_fuzzy_range" :
            126,
          "v_fuzzy_range" :
            145
        },
      "black" :
        {
          "uAtY0" :
            198.125,
          "uAtY255" :
            18.35000000000001,
          "vAtY0" :
            200.675,
          "vAtY255" :
            29.825000000000003,
          "u_fuzzy_range" :
            135.65,
          "v_fuzzy_range" :
            158.6
        }
    },
  "camera_BOT" :
    {
      "green" :
        {
          "uAtY0" :
            156,
          "uAtY255" :
            152,
          "vAtY0" :
            129,
          "vAtY255" :
            208,
          "u_fuzzy_range" :
            115,
          "v_fuzzy_range" :
            130
        },
      "white" :
        {
          "uAtY0" :
            115,
          "uAtY255" :
            198,
          "vAtY0" :
            136,
          "vAtY255" :
            223,
          "u_fuzzy_range" :
            141,
          "v_fuzzy_range" :
            134
        },
      "black" :
        {
          "uAtY0" :
            157.325,
          "uAtY255" :
            175.175,
          "vAtY0" :
            113.975,
          "vAtY255" :
            191.75,
          "u_fuzzy_range" :
            102.5,
          "v_fuzzy_range" :
            129.275
        }
    }
}