{
  "camera_TOP" :
    {
      "green" :
        {
          "uAtY0" :
            97,
          "uAtY255" :
            167,
          "vAtY0" :
            0,
          "vAtY255" :
            247,
          "u_fuzzy_range" :
            127,
          "v_fuzzy_range" :
            142
        },
      "white" :
        {
          "uAtY0" :
            195,
          "uAtY255" :
            206,
          "vAtY0" :
            208,
          "vAtY255" :
            0,
          "u_fuzzy_range" :
            128,
          "v_fuzzy_range" :
            87
        },
      "black" :
        {
          "uAtY0" :
            198.125,
          "uAtY255" :
            18.35000000000001,
          "vAtY0" :
            200.675,
          "vAtY255" :
            29.825000000000003,
          "u_fuzzy_range" :
            135.65,
          "v_fuzzy_range" :
            158.6
        }
    },
  "camera_BOT" :
    {
      "green" :
        {
          "uAtY0" :
            119,
          "uAtY255" :
            159,
          "vAtY0" :
            222,
          "vAtY255" :
            143,
          "u_fuzzy_range" :
            132,
          "v_fuzzy_range" :
            167
        },
      "white" :
        {
          "uAtY0" :
            88,
          "uAtY255" :
            190,
          "vAtY0" :
            115,
          "vAtY255" :
            178,
          "u_fuzzy_range" :
            128,
          "v_fuzzy_range" :
            128
        },
      "black" :
        {
          "uAtY0" :
            157.325,
          "uAtY255" :
            175.175,
          "vAtY0" :
            113.975,
          "vAtY255" :
            191.75,
          "u_fuzzy_range" :
            102.5,
          "v_fuzzy_range" :
            129.275
        }
    }
}